<?xml version="1.0" encoding="UTF-8"?>
<metadata xml:lang="en"><Esri><CreaDate>20190731</CreaDate><CreaTime>12505600</CreaTime><ArcGISFormat>1.0</ArcGISFormat><SyncOnce>TRUE</SyncOnce><DataProperties><lineage><Process ToolSource="c:\program files (x86)\arcgis\desktop10.6\ArcToolbox\Toolboxes\Data Management Tools.tbx\DefineProjection" Date="20190731" Time="125056">DefineProjection RegionShapefiles\Individual_Regions\SouthWestPacific PROJCS['WGS 84 / PDC Mercator',GEOGCS['WGS 84',DATUM['World Geodetic System 1984',SPHEROID['WGS 84',6378137.0,298.257223563]],PRIMEM['Greenwich',0.0],UNIT['degree',0.0174532925199433]],PROJECTION['Mercator_1SP'],PARAMETER['false_easting',0.0],PARAMETER['false_northing',0.0],PARAMETER['central_meridian',150.0],PARAMETER['scale_factor',1.0],PARAMETER['latitude_of_origin',0.0],UNIT['m',1.0]]</Process></lineage></DataProperties></Esri></metadata>
